id;nature;numero;reference;signataire;objet_avis_fr;objet_avis_en;objet_avis_pt;etat_avis;operateur;date_operation
1;Resultat;Hat Toys Avon;SAS application Palladium;driver;monetize wireless;AI Car;Forges port;Projet;mobile bypassing;2021-08-21T13:57:45
2;Calendrier;Guinea-Bissau;invoice Haiti quantifying;Shirt Versatile backing up;Nebraska Implementation Corporate;FTP Operations Ethiopia;front-end;Projet;Checking Account;2021-08-20T20:16:34
3;Resultat;Chair Tennessee Swiss Franc;backing up;relationships Islands;Pants Savings Account;well-modulated;Fantastic interfaces Oklahoma;Projet;Savings Account bypassing;2021-08-21T14:25:34
4;Resultat;knowledge user Borders Vision-oriented;superstructure;Manager Granite parse;Salad;Fantastic Wooden Bacon;Global;Projet;pixel;2021-08-20T23:28:39
5;Avis;Cambridgeshire Intranet;holistic;Berkshire extensible;utilize wireless;Ergonomic Granite Sausages;Intelligent;Projet;backing up;2021-08-21T04:10:26
6;Resultat;Pizza;microchip copying;Industrial;strategize;functionalities product Handmade;Investment Account Checking Account;Signe;Bedfordshire;2021-08-21T12:38:03
7;Communique;calculate deposit;index;workforce Ergonomic streamline;optical Balanced Quality;Montenegro bandwidth-monitored Regional;withdrawal Incredible Cotton Table;Projet;Indiana;2021-08-20T23:08:55
8;Calendrier;Tactics Practical Plastic Sausages;withdrawal benchmark quantifying;bandwidth Hat;Ergonomic;withdrawal;unleash deposit scalable;Signe;Arizona USB;2021-08-21T14:18:47
9;Resultat;Costa Rican Colon Checking Account Cambridgeshire;strategize Mexican Peso Mexican Unidad de Inversion (UDI) initiatives;Frozen;Steel Triple-buffered;Handmade Wooden Tuna;functionalities Practical;Projet;Automotive;2021-08-21T07:03:08
10;Calendrier;input Ergonomic Soft Chair;productize process improvement system;Fiji Dollar transparent;Representative deposit executive;International;Grocery;Signe;Isle of Man quantify Avon;2021-08-21T12:39:35
