id;nature;numero;reference;signataire;titre_calendrier_fr;titre_calendrier_en;titre_calendrier_pt;etat_calendrier;operateur;date_operation
1;Avis;24/7 open-source parsing;networks Solutions array;stable;Identity Branding protocol;Washington Metal;CSS;Projet;Kids;2021-08-20T17:17:46
2;Resultat;Niue;Product Industrial;Liaison transmitter South Dakota;salmon Wells;metrics;navigating National;Signe;connect;2021-08-20T16:19:16
3;Calendrier;Buckinghamshire panel pink;Cheese Gloves;violet;Sausages;Technician Architect Beauty;Analyst card;Projet;Cliff Orchestrator;2021-08-21T15:25:27
4;Resultat;Checking Account Rhode Island;convergence platforms;Chair transmit;calculate Chicken;Sports multi-tasking;Implementation compressing hacking;Projet;Global;2021-08-21T00:59:58
5;Resultat;Unbranded Frozen Cheese extend;Berkshire deposit niches;coherent Hat;Tools revolutionize;Central;Dynamic Michigan;Projet;intranet Representative;2021-08-21T14:00:19
6;Avis;Tasty Concrete Chair Tasty;protocol Loop Ameliorated;disintermediate Regional Buckinghamshire;reintermediate;iterate;RSS Licensed Rubber Mouse Implementation;Projet;hardware enable;2021-08-21T10:08:39
7;Communique;24/7 Home Loan Account Bedfordshire;Virginia input Program;stable;GB haptic;New York static;Paradigm;Signe;Fish multi-byte PNG;2021-08-21T14:46:20
8;Communique;sky blue;compressing transmit;Corporate;sky blue Movies;Tasty compress;Realigned haptic initiatives;Projet;Ferry TCP;2021-08-20T22:48:40
9;Avis;supply-chains Czech Koruna open-source;payment;clicks-and-mortar;Direct contextually-based leverage;silver;Chair;Signe;Tuna holistic;2021-08-21T13:30:59
10;Avis;Bangladesh Garden;Dynamic microchip Borders;Ethiopia;Iceland Borders;Virgin Islands, British bifurcated;Self-enabling;Signe;ROI;2021-08-21T13:05:05
