id;num_anonymat;date_soumission;nbre_soumission;operateur;date_operation
1;copying Awesome Granite Tuna open-source;2021-08-20T16:53:09;52938;Beauty Incredible Granite Pizza;2021-08-20T17:59:43
2;Games Regional Buckinghamshire;2021-08-21T09:29:52;6260;Parkways challenge EXE;2021-08-21T08:12:08
3;Borders;2021-08-20T18:16:24;20071;application Grocery Nicaragua;2021-08-20T19:23:40
4;Rhode Island Auto Loan Account;2021-08-21T14:41:18;51318;calculating;2021-08-20T23:58:35
5;Credit Card Account technologies;2021-08-21T03:08:26;1207;South Georgia and the South Sandwich Islands orchestrate;2021-08-21T05:45:37
6;strategy e-tailers Incredible Concrete Tuna;2021-08-20T17:21:28;759;redundant scalable leverage;2021-08-21T07:39:07
7;invoice;2021-08-21T05:38:01;56909;Personal Loan Account;2021-08-21T08:29:52
8;Towels Shoes schemas;2021-08-20T20:06:43;95980;PCI Palau Table;2021-08-20T16:13:56
9;Tools responsive Polarised;2021-08-20T20:59:36;27929;bypassing;2021-08-21T03:50:31
10;Streamlined;2021-08-21T14:46:18;65671;Granite users Producer;2021-08-20T23:43:42
